AmountOfPlay,AuthorID,Collection,Comment,CreationDate,Forwarding,Labels,NumberOfSongs,SongListName,SongsListID,Url
52036,1468753117,241,评论,2024-10-07,2,韩语 流行 ,40,前奏沦陷 | 首尔的风吹不散浪漫,12696691965,https://music.163.com/playlist?id=12696691965
36223,2034261933,639,11,2024-09-23,5,流行 轻音乐 治愈 ,53,INFP丨焦虑是由自由引起的眩晕,12636330404,https://music.163.com/playlist?id=12636330404
115456,2034261933,626,4,2024-08-29,14,日语 地铁 ,82,日系神曲丨通勤路上的孤单调味剂,12528089157,https://music.163.com/playlist?id=12528089157
63511,342371680,334,评论,2024-10-17,3,欧美 R&B/Soul 浪漫 ,47,节奏布鲁斯｜荷尔蒙倾倒 在了浪漫的波光中,12736802737,https://music.163.com/playlist?id=12736802737
53687,312585551,292,评论,2024-09-28,0,电子 驾车 性感 ,105,车载DJ旋律 | 别让欲望击穿你的意志,12654963834,https://music.163.com/playlist?id=12654963834
4597,4000950546,41,1,2024-09-14,1,R&B/Soul 夜晚 浪漫 ,85,日落加州｜顶级浪漫｜在橘子海感受温暖,12599035020,https://music.163.com/playlist?id=12599035020
137888,1402401358,943,22,2024-11-15,20,华语 R&B/Soul ,21,节奏布鲁斯|微醺情愫 忧郁旋律里的浪漫心,12862167421,https://music.163.com/playlist?id=12862167421
100013,1520836115,381,5,2024-11-04,2,网络歌曲 治愈 兴奋 ,77,听泉鉴宝沉淀一下赏宝雅曲bgm.,12819301918,https://music.163.com/playlist?id=12819301918
7537,342371680,47,评论,2024-09-28,1,华语 R&B/Soul 流行 ,88,华语R&B｜回春年代 百听不厌的节奏布鲁斯,12655214309,https://music.163.com/playlist?id=12655214309
13266,7872690377,91,1,2024-10-11,2,华语 R&B/Soul ,50,合伙人精选 | 寂寞的秋天是R&B的季节,12715073725,https://music.163.com/playlist?id=12715073725
53372,1520836115,176,14,2024-09-27,1,华语 R&B/Soul 驾车 ,65,当代律动R&B｜像在海边兜风一样的心旷神怡,12653278982,https://music.163.com/playlist?id=12653278982
338220,79318044,2992,48,2024-09-16,14,古风 驾车 放松 ,60,天下谁人不识君丨古风 x DJ,12607978369,https://music.163.com/playlist?id=12607978369
6416,380154710,40,评论,2024-09-09,0,欧美 流行 R&B/Soul ,46,氤氲之息 | 野香繁作 芬芳满径醉芳华,12578238229,https://music.163.com/playlist?id=12578238229
262952,9059054807,2519,17,2024-07-17,31,电子 驾车 性感 ,206,"Phonk致幻着迷, 沉浸黑色浪漫",12320175174,https://music.163.com/playlist?id=12320175174
14992,8376551360,95,2,2024-09-11,2,另类/独立 轻音乐 孤独 ,37,梦核｜睡眠是小型死亡 活着是漫长的失眠,12585298860,https://music.163.com/playlist?id=12585298860
11040,380154710,45,评论,2024-08-27,0,R&B/Soul 华语 放松 ,99,『旋律R&B』南风未起 念你成疾,12521787569,https://music.163.com/playlist?id=12521787569
18440,1520836115,130,1,2024-10-19,3,粤语 R&B/Soul 放松 ,37,醇正粤语RNB：当代年轻人的浪漫花园,12745360091,https://music.163.com/playlist?id=12745360091
8050,468356020,44,评论,2024-10-29,2,韩语 流行 兴奋 ,76,运动状态开启｜Kpop高燃活力100%,12788239015,https://music.163.com/playlist?id=12788239015
125402,1411918350,2475,92,2024-09-16,89,欧美 说唱 R&B/Soul ,81,Kanye West 9月15日海口试听会演出歌单,12604974480,https://music.163.com/playlist?id=12604974480
23590,468356020,191,2,2024-09-20,2,韩语 流行 兴奋 ,81,跑步节奏控｜五公里跑量KPOP充能燃脂,12624067818,https://music.163.com/playlist?id=12624067818
1628,468356020,15,评论,2024-10-18,0,欧美 流行 快乐 ,168,活力值100%｜欢快节奏拯救你的不开心,12740621910,https://music.163.com/playlist?id=12740621910
3679033,312585551,31094,449,2024-03-05,353,电子 驾车 性感 ,207,车载DJ丨提神醒脑，困意全无,9382737289,https://music.163.com/playlist?id=9382737289
1892577,312585551,13275,133,2024-01-25,80,驾车 电子 性感 ,207,车载DJ | 我已按耐不住飙车的心,9204813663,https://music.163.com/playlist?id=9204813663
319862,610336824,2251,4,2024-09-18,23,R&B/Soul 华语 夜晚 ,62,华语R&B |爱让人像小孩 怕一个人孤独,12617353175,https://music.163.com/playlist?id=12617353175
10872,647695007,34,2,2024-10-06,0,网络歌曲 榜单 华语 ,101,「百万•大众收听」单循热歌‖刻进DNA,12692656230,https://music.163.com/playlist?id=12692656230
2635445,312585551,17653,144,2024-05-12,142,电子 驾车 性感 ,207,抖腿车载DJ硬曲 | 低音炮震撼低沉鼓点音浪,10042588952,https://music.163.com/playlist?id=10042588952
4139,7872690377,34,评论,2024-09-27,0,欧美 说唱 ,53,合伙人私藏 | 越听越上瘾的欧美嘻哈说唱,12652507010,https://music.163.com/playlist?id=12652507010
81986,1411918350,1482,62,2024-09-28,36,欧美 说唱 R&B/Soul ,40,Kanye West 9月28日海口试听会演出歌单,12658480344,https://music.163.com/playlist?id=12658480344
16647,79318044,122,2,2024-10-14,5,朋克 电子 驾车 ,102,新世纪车载电音丨漂移冯克Phonk,12728837771,https://music.163.com/playlist?id=12728837771
68475,380154710,378,4,2024-09-14,6,欧美 R&B/Soul 90后 ,46,英文R&B入坑曲：封神旋律 是谁的一代青春,12596803978,https://music.163.com/playlist?id=12596803978
19041,1353391475,167,2,2024-09-25,0,流行 欧美 兴奋 ,24,欧美｜疯批美学 你逐渐零落的模样可真美,12646173834,https://music.163.com/playlist?id=12646173834
54762,339152569,1689,1,2024-09-26,12,欧美 说唱 ,39,欧美精选｜潮流100% 让律动融入生活中,12650425817,https://music.163.com/playlist?id=12650425817
9070,468356020,68,评论,2024-08-30,2,流行 驾车 兴奋 ,142,DJ舞曲畅快摇摆｜别旁观来狂欢,12538031981,https://music.163.com/playlist?id=12538031981
10360,380154710,61,评论,2024-10-12,0,华语 流行 快乐 ,73,黛玉训狗记：手帕快藏起来 手慢无,12718517117,https://music.163.com/playlist?id=12718517117
113730,1289346856,1880,14,2024-06-28,13,轻音乐 放松 安静 ,77,氛围纯音｜坠入一场斑驳陆离的荒诞梦境,12237702920,https://music.163.com/playlist?id=12237702920
22846,312585551,124,评论,2024-10-16,0,电子 驾车 性感 ,105,"黑郁八音盒 | 暗黑旋律, 致郁音符",12732962203,https://music.163.com/playlist?id=12732962203
1422,403746215,8,评论,2024-10-05,0,华语 流行 快乐 ,35,励志华语｜没人等你 风生水起要靠自己,12689581696,https://music.163.com/playlist?id=12689581696
2317,7872690377,23,评论,2024-11-15,0,欧美 R&B/Soul ,56,合伙人精选 | 一听倾心的欧美R&B男声,12862145386,https://music.163.com/playlist?id=12862145386
1128,8376551360,9,评论,2024-09-30,0,欧美 流行 R&B/Soul ,85,欧美清新｜浪漫小清新 阳光活力微醺甜蜜感,12662355549,https://music.163.com/playlist?id=12662355549
159451,107742044,506,7,2024-09-03,4,华语 流行 综艺 ,111,天赐的声音：若月亮没来 如果可以 字字句句,12554132768,https://music.163.com/playlist?id=12554132768
3077,1520836115,31,评论,2024-10-07,1,华语 R&B/Soul 快乐 ,64,吸引好运 高能量显化歌曲丨把好心情放第一,12697516954,https://music.163.com/playlist?id=12697516954
2522,1786178406,26,评论,2024-10-24,1,流行 电子 驾车 ,194,车载DJ | 我已按耐不住飙车的心,12765630195,https://music.163.com/playlist?id=12765630195
9251,1591398612,101,评论,2024-06-17,1,欧美 酒吧 放松 ,95,私藏歌單| 傍晚清吧 适合微醺時聽的歌單,10182395092,https://music.163.com/playlist?id=10182395092
25303,312585551,115,评论,2024-10-08,1,电子 驾车 酒吧 ,105,潮流DJ动感旋律，舞动青春无极限,12700719926,https://music.163.com/playlist?id=12700719926
176831,8535189116,3956,30,2024-06-01,32,伤感 孤独 安静 ,132,氛围感|安逸感|宿命感 直接拉满的音乐,10118944785,https://music.163.com/playlist?id=10118944785
6714,468356020,34,评论,2024-10-21,0,韩语 流行 快乐 ,150,韩系撩人｜温柔副歌的心动狙击,12755845265,https://music.163.com/playlist?id=12755845265
51003,1289346856,1142,14,2024-07-10,13,放松 治愈 轻音乐 ,51,梦游仙境：沉溺于仲夏，潜入绿色的梦。,12289151781,https://music.163.com/playlist?id=12289151781
80907,1520836115,461,6,2024-08-24,7,欧美 放松 清晨 ,47,『清晨放松欧美系』快乐玄学 允许一切发生,12506738374,https://music.163.com/playlist?id=12506738374
3598,107742044,19,评论,2024-09-28,0,华语 流行 综艺 ,32,音综：我们的歌第六季，神仙舞台精选,12656069654,https://music.163.com/playlist?id=12656069654
262150,107742044,1013,5,2024-09-22,4,华语 流行 综艺 ,95,华语顶级嗓：单依纯 张碧晨 刘惜君 郁可唯,12632193454,https://music.163.com/playlist?id=12632193454
180611,8376551360,3941,16,2024-08-06,33,古典 轻音乐 孤独 ,78,寂静随风：且听风说 与孤独发光的灵魂为伴,12414320532,https://music.163.com/playlist?id=12414320532
9545,107742044,65,评论,2024-09-03,0,华语 流行 综艺 ,100,天赐的声音：如果可以 暮色回响 字字句句,12554056559,https://music.163.com/playlist?id=12554056559
2341065,556046321,6392,4,2024-09-24,22,华语 经典 怀旧 ,198,90后回忆杀！一首老歌，一个故事，一段青春,12644048660,https://music.163.com/playlist?id=12644048660
2426,2118682115,21,评论,2024-10-12,0,华语 快乐 驾车 ,39,听中文车载歌曲 享幸福时刻,12716268479,https://music.163.com/playlist?id=12716268479
518249,475393489,2254,11,2024-05-09,16,华语 古风 网络歌曲 ,72,『无人扶我青云志 我自踏雪至山巅』,10033413177,https://music.163.com/playlist?id=10033413177
16151,342371680,129,评论,2024-11-03,1,欧美 流行 快乐 ,101,APT女孩必听曲！自由 律动 阳光 氛围感！,12815718733,https://music.163.com/playlist?id=12815718733
397936,107742044,1829,3,2024-08-31,13,华语 流行 综艺 ,96,封神音综：顶级编唱神仙都沦陷！,12541082075,https://music.163.com/playlist?id=12541082075
2136,107742044,33,评论,2024-11-10,0,华语 流行 综艺 ,60,天赐的声音+有歌2024+声生不息,12845847101,https://music.163.com/playlist?id=12845847101
2111,1520080652,4,评论,2024-11-10,0,韩语 流行 ,52,超燃韩语丨韩国顶级flow丨潮流歌单一步到位,12842284369,https://music.163.com/playlist?id=12842284369
230444,612193631,9923,评论,2024-09-24,46,流行 驾车 放松 ,76,涡轮必备｜肾上腺素飙升,12641702231,https://music.163.com/playlist?id=12641702231
532,647695007,6,评论,2024-10-12,0,欧美 驾车 说唱 ,112,〔辣妹•必备〕动感少女的热舞派对！,12719710200,https://music.163.com/playlist?id=12719710200
485686,107742044,1654,33,2024-09-18,6,华语 流行 综艺 ,98,华语神仙嗓：单依纯 周深 毛不易 张碧晨,12617725666,https://music.163.com/playlist?id=12617725666
57979,342371680,205,1,2024-10-15,0,欧美 流行 放松 ,48,欧美&节奏律动｜感受阳光 感觉音乐的力量！,12731307445,https://music.163.com/playlist?id=12731307445
26723,312585551,178,评论,2024-09-28,0,华语 流行 90后 ,93,经典老歌90，00后回忆杀 你的青春一直都在,12656635539,https://music.163.com/playlist?id=12656635539
397495,342371680,3363,35,2024-03-30,140,欧美 流行 R&B/Soul ,150,青柠味R&B：清新鼓点 带点阳光少年感浪漫,9598268430,https://music.163.com/playlist?id=9598268430
46475,612193631,1021,1,2024-10-22,3,流行 驾车 ,92,不怕DJ带老歌｜就怕rap唱情歌 ,12760633924,https://music.163.com/playlist?id=12760633924
301130,339152569,12914,7,2024-04-12,135,R&B/Soul 流行 欧美 ,48,【R&B/氛围感】别错过日落和晚霞,9765394344,https://music.163.com/playlist?id=9765394344
413043,445189786,3482,72,2024-07-14,18,伤感 网络歌曲 00后 ,75,大大怪将军 小小怪真的很想你,12305314657,https://music.163.com/playlist?id=12305314657
7462,421407158,26,评论,2024-09-04,0,日语 治愈 流行 ,57,ACG温柔 | 说不出口的爱总是酸涩,12557629083,https://music.163.com/playlist?id=12557629083
357154,556046321,884,3,2024-09-24,4,华语 经典 怀旧 ,202,打开你的老歌播放列表 一起重温那些年经典,12643750583,https://music.163.com/playlist?id=12643750583
11132,67712696,43,评论,2024-08-29,0,华语 夜晚 伤感 ,34,伤感DJ精选 劲爆车载专用嗨曲,12531295574,https://music.163.com/playlist?id=12531295574
750790,2020860850,6879,109,2024-04-06,65,电子 驾车 性感 ,202,车载DJ | 爱而不得的感情最伤人,9689600601,https://music.163.com/playlist?id=9689600601
1169069,107742044,3408,40,2024-06-27,23,华语 流行 综艺 ,74,天赐的声音：泪桥 指纹 何物 妥协 慢冷,12231985750,https://music.163.com/playlist?id=12231985750
2191,647695007,20,评论,2024-11-14,1,日语 ACG ,81,二次元日语音乐｜夜晚星空下的独白与温暖,12862411759,https://music.163.com/playlist?id=12862411759
52049,312585551,296,评论,2024-09-27,2,华语 电子 驾车 ,105,车载DJ｜高速路必听的口水旋律,12653608226,https://music.163.com/playlist?id=12653608226
194118,107742044,534,1,2024-07-17,1,华语 流行 综艺 ,63,天赐的声音5：华语live天花板,12319697451,https://music.163.com/playlist?id=12319697451
2056,2118682115,7,评论,2024-10-09,0,华语 怀旧 校园 ,47,校园青春旋律 | 90/00后回忆杀 怀旧歌曲,12705524705,https://music.163.com/playlist?id=12705524705
4879,12203964933,17,评论,2024-07-27,1,韩语 R&B/Soul 轻音乐 ,38,“Palpitate前奏一响”回忆篇章响起,12362827770,https://music.163.com/playlist?id=12362827770
255413,4890039635,797,7,2024-03-10,1,华语 流行 综艺 ,68,天赐的声音5：金曲舞台惊艳全场,9407025865,https://music.163.com/playlist?id=9407025865
57047,262751420,987,10,2024-07-13,39,华语 流行 ,93,汪苏泷2024十万伏特演唱会歌单（持续更新）,12302787711,https://music.163.com/playlist?id=12302787711
5962788,122356259,107622,288,2017-12-01,2465,爵士 Bossa Nova 小语种 ,34,法语爵士|红酒与玫瑰浪漫邂逅,1997190595,https://music.163.com/playlist?id=1997190595
84318304,103159696,994154,20345,2016-04-07,54363,轻音乐 夜晚 安静 ,32,深度睡眠 |重度失眠者专用歌单,331841455,https://music.163.com/playlist?id=331841455
22659820,423252549,344255,1052,2017-10-01,6422,欧美 蓝调 爵士 ,124,深情布鲁斯，浓情老酒馆。,939320758,https://music.163.com/playlist?id=939320758
62113344,78905899,1729982,6310,2015-10-04,28189,轻音乐 钢琴 ACG ,127,"〖唯美纯音〗不需要歌词,也可以打动你的心",112875926,https://music.163.com/playlist?id=112875926
719492,80597181,6151,52,2019-02-03,406,欧美 流行 世界音乐 ,137,【德语】莱茵河畔之风拂过心田,2653868848,https://music.163.com/playlist?id=2653868848
1877057,499915181,14964,64,2018-03-16,360,华语 雷鬼 ,85,国人雷鬼 Ι 探索不拘一格的玩性洒脱,2143660964,https://music.163.com/playlist?id=2143660964
2182,7872690377,8,评论,2024-11-14,0,华语 说唱 ,57,合伙人热荐 | 相互意会 感受心扉,12861095991,https://music.163.com/playlist?id=12861095991
80521,3329265479,1223,8,2024-07-14,5,流行 治愈 榜单 ,34,aespa｜旷野的规则是永不回头,12306933075,https://music.163.com/playlist?id=12306933075
14505,1289346856,200,3,2024-09-25,3,欧美 治愈 放松 ,63,置身旷野：心向原野 与自然相拥 涉旷野丛林,12646326771,https://music.163.com/playlist?id=12646326771
260134,1461603447,588,63,2024-10-10,11,华语 流行 治愈 ,28,我在呢，我会倾听你每个情绪的理由,12711444140,https://music.163.com/playlist?id=12711444140
169250,48578227,1301,5,2024-04-07,5,流行 欧美 快乐 ,133,快乐暴击 | 轻松愉快的小调 心情原地起飞。,9698860512,https://music.163.com/playlist?id=9698860512
25862,312585551,160,评论,2024-09-28,0,华语 流行 90后 ,129,90后经典回忆杀｜一人一首成名曲,12656674237,https://music.163.com/playlist?id=12656674237
23165,312585551,146,评论,2024-10-07,1,华语 流行 90后 ,94,90后青春回忆杀｜聆听MP3里的经典之声,12695522280,https://music.163.com/playlist?id=12695522280
58832,312585551,264,2,2024-10-07,2,华语 流行 90后 ,106,90后回忆杀 | 重温非主流的时光,12694396558,https://music.163.com/playlist?id=12694396558
13942,588982333,55,1,2024-09-04,0,华语 流行 R&B/Soul ,90,华语R&B｜和喜欢的TA听 会有双倍的快乐！,12556157679,https://music.163.com/playlist?id=12556157679
1187,468356020,11,评论,2024-10-19,0,欧美 流行 快乐 ,90,欧美律动Chill｜随性自由 松弛感拉满,12745652473,https://music.163.com/playlist?id=12745652473
29437520,7394345,252771,820,2016-11-20,7865,华语 民谣 孤独 ,286,华语民谣 I 孤独的心诠释诗意和远方,514947114,https://music.163.com/playlist?id=514947114
13019928,411402173,224797,777,2019-02-26,2867,华语 古风 浪漫 ,150,「居家古风」如何把生活过成诗,2685449094,https://music.163.com/playlist?id=2685449094
16861130,2445590,307637,1046,2016-01-19,4597,影视原声 钢琴 欧美 ,59,电影中的钢琴曲｜最会讲故事²,156659312,https://music.163.com/playlist?id=156659312
35044896,1176807,968545,5581,2013-07-29,13928,古典 工作 学习 ,31,增强记忆性古典音乐（适合学习作业使用）,2984653,https://music.163.com/playlist?id=2984653
11319277,50255421,148654,922,2018-09-15,3392,轻音乐 清新 安静 ,68,『纯音乐』当雨滴敲响琴键,2420545066,https://music.163.com/playlist?id=2420545066
2110928,341030416,22549,61,2019-07-11,950,Bossa Nova 爵士 拉丁 ,158,Bossa Nova｜聆听热情桑巴中的慵懒时光,2879306923,https://music.163.com/playlist?id=2879306923
3412973,45441555,91203,624,2017-05-30,1030,日语 治愈 ACG ,30,日系治愈｜想成为一个温柔的人,745510353,https://music.163.com/playlist?id=745510353
6191375,83659385,86501,1019,2017-08-29,1465,轻音乐 伤感 ACG ,81,『物哀纯音』漫天飞舞的红叶，暮色黄昏,899361402,https://music.163.com/playlist?id=899361402
2206134,306851500,26264,66,2020-04-18,825,爵士 欧美 ,30,复古慵懒 | 当经典摇滚被爵士如此演绎,4974682089,https://music.163.com/playlist?id=4974682089
6384334,85351650,114795,957,2016-11-18,3366,后摇 钢琴 另类/独立 ,198,钢琴后摇 I 初雪点地，窸窣低语,513217941,https://music.163.com/playlist?id=513217941
18310062,320509339,164094,827,2017-09-15,2366,华语 民谣 治愈 ,29,想开家茶馆，放首民谣给从前,919939187,https://music.163.com/playlist?id=919939187
9564207,74029445,124225,452,2017-09-27,2158,欧美 摇滚 英伦 ,147,「英伦摇滚」唱片中的昔日时光,934792457,https://music.163.com/playlist?id=934792457
3118926,45441555,86486,436,2017-07-10,1257,日语 治愈 ACG ,35,少女心ღ｜恋爱是颗苹果糖,805407063,https://music.163.com/playlist?id=805407063
5535495,341030416,58234,215,2020-04-18,1379,乡村 旅行 驾车 ,325,《美国乡村乐图鉴与简史》,4975456668,https://music.163.com/playlist?id=4975456668
2176234,122356259,32536,137,2019-02-02,905,欧美 爵士 酒吧 ,62,黑胶唱片机|微醺情调耳边低语,2651898154,https://music.163.com/playlist?id=2651898154
3957346,83659385,79135,424,2017-12-05,1539,日语 感动 ACG ,265,東方抒情集：一梦华胥 永眠不散之宴,2003672301,https://music.163.com/playlist?id=2003672301
8959362,205640,170348,939,2014-10-27,2519,民谣 欧美 清新 ,136,我听欧美民谣的美好时光,34254526,https://music.163.com/playlist?id=34254526
20477068,129593031,352467,3422,2016-11-13,11092,夜晚 孤独 后摇 ,111,「后摇」一只孤独的巨兽在深海里呼喊,509265479,https://music.163.com/playlist?id=509265479
4382293,122356259,51510,168,2018-01-14,953,欧美 摇滚 驾车 ,60,公路音乐|纵情追逐梦想与远方,2057923710,https://music.163.com/playlist?id=2057923710
2322680,36193129,16471,140,2019-12-11,669,摇滚 金属 ,206,国摇金属:梦与花火怒放的桀骜篇章,3114158828,https://music.163.com/playlist?id=3114158828
195030704,6438754,3877801,10388,2014-11-19,41237,流行 欧美 快乐 ,16,那些只听前奏就中毒的英文歌,37432514,https://music.163.com/playlist?id=37432514
14291939,83659385,321903,2652,2017-07-06,4719,民谣 游戏 ACG ,129,『小酒馆』剑与魔法 · 旅途中的休憩时光,800496969,https://music.163.com/playlist?id=800496969
12286223,67853143,376394,1272,2016-06-19,5972,欧美 小语种 流行 ,149,【珍藏】必听的一百五十首音乐剧名曲,404757132,https://music.163.com/playlist?id=404757132
1866441,341030416,6938,87,2020-11-23,1050,摇滚 欧美 感动 ,103,「雨之摇滚·倾听爱与自由乐章」,5347651276,https://music.163.com/playlist?id=5347651276
437546,379601668,6879,140,2021-01-25,383,民族 经典 ,60,中国戏剧最高奖–“梅花奖”,5482864472,https://music.163.com/playlist?id=5482864472
2582207,1722591860,37544,269,2020-02-01,674,电子 轻音乐 器乐 ,804,国产纯音集 | 八百位音乐人，一人一曲,3222869790,https://music.163.com/playlist?id=3222869790
4752517,1650191296,18882,127,2020-02-08,922,华语 另类/独立 浪漫 ,102,华语独立乐团｜将温柔塞满黄昏,3233164347,https://music.163.com/playlist?id=3233164347
5801119,71937732,151601,336,2016-02-19,2287,古典 浪漫 思念 ,47,古典音樂史上最優美的夜曲与小夜曲,171967885,https://music.163.com/playlist?id=171967885
1046071,3432498,13537,75,2021-02-17,1967,华语 摇滚 流行 ,411,乐团世代丨台湾乐团编年史（1980-2021）,6620660821,https://music.163.com/playlist?id=6620660821
5532667,85351650,88569,606,2017-01-23,3098,钢琴 古典 器乐 ,98,新古典集 I 三滴空明，庆赏无厌,579730540,https://music.163.com/playlist?id=579730540
6378016,7394345,108867,604,2016-11-05,3141,电子 孤独 另类/独立 ,72,冰気电子 ' 沉溺于绮旷的荒芜之境,502767290,https://music.163.com/playlist?id=502767290
2993000,69578876,36498,626,2015-11-17,464,说唱 欧美 榜单 ,97,美国说唱史上最伟大的100位歌手。,128251515,https://music.163.com/playlist?id=128251515
4367257,6190643,82793,1927,2015-07-10,1811,古风 影视原声 游戏 ,100,『踏歌长行』仙剑＆古剑音乐分类排名盘点,88193751,https://music.163.com/playlist?id=88193751
14335,3402297171,128,2,2023-12-05,2,日语 流行 ACG ,41,日语『致心中的那个乌托邦』,8904646437,https://music.163.com/playlist?id=8904646437
601342,485543957,5266,11,2021-10-14,247,欧美 古典 钢琴 ,39,艺术之魂丨电影中那些至美的「肖邦时刻」,7019680451,https://music.163.com/playlist?id=7019680451
7930615,320509339,147382,405,2017-02-18,3195,流行 爵士 放松 ,25,爵士与散步可兼得,605499971,https://music.163.com/playlist?id=605499971
6741865,311877725,63471,334,2016-10-20,813,影视原声 经典 怀旧 ,90,电影慰时光 | 华语怀旧文艺片精选,490158454,https://music.163.com/playlist?id=490158454
2462105,311877725,51883,319,2016-10-07,1262,欧美 影视原声 感动 ,100,唯美震撼：聆听地球自然的呼吸,480747275,https://music.163.com/playlist?id=480747275
33148454,897345,609171,3355,2016-03-04,9222,欧美 民谣 乡村 ,99,【民谣盛宴】100首必听欧美民谣,311692545,https://music.163.com/playlist?id=311692545
4280953,5190793,64498,229,2015-07-30,915,运动 欧美 电子 ,30,每天一点轻电的跑步节奏,93817702,https://music.163.com/playlist?id=93817702
8529295,3009378,257232,518,2013-09-17,2181,轻音乐 放松 经典 ,36,背景音乐珍藏，总有一天你会用上的,3924483,https://music.163.com/playlist?id=3924483
538543,379601668,6784,31,2020-12-19,276,古风 民族 华语 ,62,礼义之邦｜华夏文明五千年，薪火相传永不灭,5386704458,https://music.163.com/playlist?id=5386704458
18330360,92582150,244503,2202,2017-05-19,3148,欧美 流行 90后 ,100,100位欧美90后歌手：他们把青春给了音乐,733122887,https://music.163.com/playlist?id=733122887
4236936,1323364095,57693,264,2020-06-13,1196,欧美 清新 夜晚 ,129,浪漫星空物语☆空灵嗓音与星辰旋律,5062223334,https://music.163.com/playlist?id=5062223334
21584172,63574988,739653,3645,2015-05-31,12439,轻音乐 日语 ACG ,18,【日系纯音向】夏树眠 蝉在叫 人坏掉❤️,77629049,https://music.163.com/playlist?id=77629049
1530213,311877725,16796,123,2020-02-19,614,影视原声 怀旧 经典 ,70,经典放映室｜美国往事 黑白人生,4872288769,https://music.163.com/playlist?id=4872288769
4220869,122356259,44711,132,2018-03-05,1544,欧美 Bossa Nova 放松 ,45,Bossa Nova惬意的下午茶时光,2128071807,https://music.163.com/playlist?id=2128071807
9645614,53654839,104321,1029,2018-02-11,2457,欧美 电子 浪漫 ,97,玫瑰全都给你 可不可以把你给我？,2097947168,https://music.163.com/playlist?id=2097947168
3844502,85351650,58382,576,2016-05-16,1560,后摇 器乐 另类/独立 ,151,提琴后摇 I 颅内盛宴，思绪狂欢,382716015,https://music.163.com/playlist?id=382716015
3970574,422440514,43231,140,2023-03-19,654,欧美 流行 说唱 ,159,『欧美R&B Trap』沉浸式抓耳旋律说唱,8245517881,https://music.163.com/playlist?id=8245517881
2716243,610336824,15975,131,2022-08-26,245,欧美 流行 R&B/Soul ,86,『欧美节奏控』旋律轻快好听的英文歌,7607455542,https://music.163.com/playlist?id=7607455542
2117244,97515301,32442,38,2023-05-12,362,欧美 夜晚 放松 ,140,高级感chill｜慵懒放松 卧室暧昧氛围,8413001593,https://music.163.com/playlist?id=8413001593
8661076,1275229,317220,1124,2013-06-30,1888,ACG 游戏 学习 ,411,V家众传曲(宅舞、翻唱、感谢祭、动漫游戏）,2253475,https://music.163.com/playlist?id=2253475
54224,1672359773,628,5,2023-10-03,9,电子 说唱 爵士 ,111,【Jazzhiphop】威士忌/西海岸/混沌武士,8776928368,https://music.163.com/playlist?id=8776928368
17810788,897345,422746,3735,2015-09-29,7402,轻音乐 兴奋 ,114,牛掰的人是这样拉小提琴的！,111456043,https://music.163.com/playlist?id=111456043
2732351,3900100056,37271,95,2023-01-11,319,韩语 流行 舞曲 ,154,甜甜的韩语歌｜听完想恋爱了嘛-,8045683533,https://music.163.com/playlist?id=8045683533
4392863,33885759,37663,373,2017-02-28,611,粤语 流行 华语 ,97,香港金牌作曲人第二辑｜如果没有雷颂德,615218978,https://music.163.com/playlist?id=615218978
3560299,129153895,38932,403,2017-05-17,868,小语种 流行 快乐 ,39,狂想.奔放.动感.突然想学西语了！✌️,730705552,https://music.163.com/playlist?id=730705552
5171909,31080099,96854,893,2014-10-14,1869,摇滚 欧美 工作 ,62,温柔的摇滚吟颂者,32471960,https://music.163.com/playlist?id=32471960
2125731,122356259,33007,89,2017-11-12,1118,日语 流行 快乐 ,51,City Pop |都市慢生活指导手册,993524571,https://music.163.com/playlist?id=993524571
7880407,499839984,96681,867,2018-10-21,1614,华语 浪漫 ,94,【国人唱见】百首佳作，一人一曲演绎一段情,2478853012,https://music.163.com/playlist?id=2478853012
3187832,97515301,40593,78,2023-02-11,635,运动 散步 地铁 ,189,潮牌店BGM/东山口/安福路/太古里,8157041911,https://music.163.com/playlist?id=8157041911
5240417,254791571,86782,461,2021-09-11,868,日语 ACG 流行 ,207,日语‖那些听着都忍不住唱起来的歌曲,6964362443,https://music.163.com/playlist?id=6964362443
17975188,389547363,163359,384,2020-02-28,1194,华语 流行 怀旧 ,100,青春的记忆|九十年代最好听的100首歌,4887974807,https://music.163.com/playlist?id=4887974807
3092558,129153895,16443,123,2017-09-10,389,粤语 怀旧 流行 ,122,这些声音里藏着故事（粤语男声篇）,914087134,https://music.163.com/playlist?id=914087134
240996,568996383,5679,29,2023-09-12,55,日语 感动 治愈 ,222,『日语女声』就让我再次沉溺于这温柔大海,8727738955,https://music.163.com/playlist?id=8727738955
2885691,372680052,31934,502,2018-02-04,1195,轻音乐 夜晚 安静 ,100,睡觉专用，听了睡不好找我。,2087175732,https://music.163.com/playlist?id=2087175732
2961948,6425089168,20532,82,2022-11-15,342,说唱 欧美 ,111,旋律陷阱′带旋律的trap有多上头,7748989954,https://music.163.com/playlist?id=7748989954
1282347,1176807,20888,282,2016-03-05,723,古典 影视原声 学习 ,20,欧陆千年——读欧洲史时听这些,311867735,https://music.163.com/playlist?id=311867735
1294575,302872419,9892,29,2022-06-09,62,韩语 流行 兴奋 ,140,kpop专用超燃节奏韩舞开车提神醒脑(女团篇),7479180823,https://music.163.com/playlist?id=7479180823
2462093,6467958021,20907,539,2023-05-15,355,网络歌曲 00后 华语 ,130,小乖 不要总是灰蒙蒙的我想要你快乐 ,8420100031,https://music.163.com/playlist?id=8420100031
82121,541959300,1264,4,2023-12-22,8,古风 器乐 治愈 ,54,古风纯调 | 传统古韵· 中国风轻音乐,9089025317,https://music.163.com/playlist?id=9089025317
2022791,1765686075,23117,401,2023-08-12,348,华语 兴奋 快乐 ,135,改变磁场，吸引好运，绝对玄学,8648855922,https://music.163.com/playlist?id=8648855922
2398241,1650191296,24702,143,2019-04-28,622,欧美 乡村 旅行 ,96,Country | 自驾旅行，赏乡野风情,2774009329,https://music.163.com/playlist?id=2774009329
13405966,2747182,324755,1286,2015-05-06,5634,轻音乐 治愈 感动 ,134,极简主义 | 听见。即诗。,71289185,https://music.163.com/playlist?id=71289185
19050972,118484559,236128,814,2015-12-30,3127,欧美 电子 清新 ,157,【绝美人声+完美电音】，触电节奏一秒倾心~,146852233,https://music.163.com/playlist?id=146852233
472611,1837554382,14069,56,2023-06-10,98,另类/独立 怀旧 ,25,梦核 | 坠入超现实美学的迷幻梦境,8472514942,https://music.163.com/playlist?id=8472514942
9776300,75179909,154030,445,2017-11-20,2232,爵士 放松 轻音乐 ,66,「Jazz Hiphop纯音」被窝里的小咖啡馆,1984018874,https://music.163.com/playlist?id=1984018874
13897356,2683821,490655,2665,2016-05-15,7473,小语种 ACG New Age ,91,「造语歌」穿透灵魂 如唱诗般空灵唯美♪,382291922,https://music.163.com/playlist?id=382291922
4592918,72460701,61162,161,2023-04-24,845,欧美 R&B/Soul 说唱 ,216,「爬墙」旋律/氛围/欧美/R&b/流行/说唱,8377278470,https://music.163.com/playlist?id=8377278470
4183745,33210355,86286,829,2015-06-21,1882,说唱 欧美 经典 ,256,257位西海岸说唱歌手精选,83105064,https://music.163.com/playlist?id=83105064
4849237,392078662,36679,64,2021-09-18,412,欧美 流行 电子 ,224,欧美英文｜旋律 节奏 律动 氛围,6976173486,https://music.163.com/playlist?id=6976173486
6859563,585547926,54479,319,2021-04-05,843,华语 流行 R&B/Soul ,131,华语R&B|和喜欢的人一起听歌就有双倍的快乐,6697491422,https://music.163.com/playlist?id=6697491422
7613428,290212891,51692,102,2023-01-14,424,华语 90后 流行 ,208,华语经典 | 那些属于我们青春的一首歌曲,8055396278,https://music.163.com/playlist?id=8055396278
27297246,256834399,325512,2292,2018-04-10,4523,华语 摇滚 ,385,『国摇』一百支乐队一百种精神信仰,2179431622,https://music.163.com/playlist?id=2179431622
3126352,1957794929,28799,106,2020-02-20,435,轻音乐 放松 钢琴 ,187,浪漫&抒情高氛围感纯音乐|放松 |小提琴,4873710289,https://music.163.com/playlist?id=4873710289
182434,1378486560,1101,3,2022-08-28,15,欧美 清晨 治愈 ,152,神仙嗓音 | 小众温柔的欧美歌,7611305474,https://music.163.com/playlist?id=7611305474
628906,392078662,7465,43,2023-10-21,69,欧美 R&B/Soul 浪漫 ,78,旋律R&B｜微醺 性感 浪漫氛围感,8811546491,https://music.163.com/playlist?id=8811546491
220545,541959300,1999,13,2022-04-27,19,流行 欧美 运动 ,63,欧美 | 拽姐出街·邀你共享辣妹的耳机,7399739396,https://music.163.com/playlist?id=7399739396
3757852,85351650,49726,337,2018-02-08,1283,后摇 另类/独立 夜晚 ,117,人声后摇 I 怎奈何琼夜一嗓伶俜,2093273437,https://music.163.com/playlist?id=2093273437
1200486,53774877,7334,70,2023-11-11,97,欧美 R&B/Soul 浪漫 ,100,慵懒欧美R&B:舒慢溺于沉醉,8856013717,https://music.163.com/playlist?id=8856013717
501316,4000950546,5506,10,2023-10-22,59,R&B/Soul 性感 浪漫 ,233,「PB-R&B 」酒精音乐｜性感的迷离梦幻,8815861304,https://music.163.com/playlist?id=8815861304
1800945,3576759562,8290,26,2022-08-24,120,欧美 电子 驾车 ,197,车载DJ | 车内嗨翻天，车外响遍天,7604782507,https://music.163.com/playlist?id=7604782507
4208091,783819,20231,499,2017-08-27,242,华语 流行 怀旧 ,91,"B面第一首 ""非主打""备胎的忧伤",896260777,https://music.163.com/playlist?id=896260777
5936429,477233246,110939,362,2022-04-08,2442,浪漫 夜晚 欧美 ,289,微醺氛围曲| 浪漫 缠绵 极致欢愉,7371585618,https://music.163.com/playlist?id=7371585618
3065931,530672251,24170,78,2023-09-18,504,榜单 旅行 快乐 ,194,车载DJ|听DJ硬曲过自由人生,8740022393,https://music.163.com/playlist?id=8740022393
3056201,311877725,49041,142,2018-05-14,688,欧美 经典 影视原声 ,50,电影配乐，当优雅华尔兹遇上激情探戈,2226210869,https://music.163.com/playlist?id=2226210869
1049091,286427520,13983,125,2019-07-28,485,欧美 摇滚 ,41,巴洛克流行 I 摇滚和古典的美妙结合,2903676321,https://music.163.com/playlist?id=2903676321
4019059,541959300,35013,127,2018-04-05,310,韩语 流行 快乐 ,189,韩语 | 一秒沦陷·今日心动韩语歌曲已送达,2172020327,https://music.163.com/playlist?id=2172020327
470680,2034261933,1772,17,2022-03-29,8,华语 散步 ,142,顶级献唱丨最不可错过的音乐现场,7355758254,https://music.163.com/playlist?id=7355758254
3722332,1835218812,23537,147,2020-04-27,1426,治愈 伤感 说唱 ,88,你转身向北 侧颜还是很美,4989454204,https://music.163.com/playlist?id=4989454204
3362159,79640896,35008,164,2018-05-06,1145,另类/独立 摇滚 欧美 ,60,『梦幻噪音治愈手册』自赏派编织的斑斓绮梦,2215267824,https://music.163.com/playlist?id=2215267824
5680444,72460701,94171,187,2023-01-05,1106,R&B/Soul ,139,「爬墙」氛围感微醺R&B卧室音乐,8023646590,https://music.163.com/playlist?id=8023646590
4253996,355785139,44962,636,2017-11-16,913,欧美 流行 ,90,只剩1%的电量也要听完的歌,998417689,https://music.163.com/playlist?id=998417689
2780784,39256799,32761,378,2015-05-21,783,小语种 欧美 性感 ,56,【柔情且缠绵】那些迷死人的意大利男人们,74992314,https://music.163.com/playlist?id=74992314
2612680,342371680,61002,230,2023-07-19,617,孤独 轻音乐 古典 ,148,美学纯音：纯粹 寂静 悠远 孤独 深邃,8573117366,https://music.163.com/playlist?id=8573117366
4337814,64272440,64451,247,2017-01-08,1671,轻音乐 器乐 浪漫 ,66,浪漫主义 献给爱与美,563131486,https://music.163.com/playlist?id=563131486
3039748,311877725,51665,420,2017-07-17,1092,欧美 影视原声 经典 ,85,呼喊与细语，欧美古典电影精选,813645724,https://music.163.com/playlist?id=813645724
1290641,280729741,8094,89,2023-04-24,117,欧美 说唱 放松 ,229,欧美说唱 | 百变flow纵享丝滑,8377288379,https://music.163.com/playlist?id=8377288379
4224260,422440514,23241,62,2023-03-19,200,欧美 电子 运动 ,93,欧美/节奏控/健身房充能/超燃,8245679886,https://music.163.com/playlist?id=8245679886
858970,100528112,4304,47,2023-06-25,48,欧美 电子 驾车 ,241,车载DJ丨无拘无束，潇洒自由,8509028101,https://music.163.com/playlist?id=8509028101
858215,346769611,6557,20,2023-05-25,94,欧美 流行 R&B/Soul ,106,『英文R&B』微醺缥游在浪漫时空,8436954261,https://music.163.com/playlist?id=8436954261
797299,6325939830,9751,50,2022-09-24,190,欧美 浪漫 ,183,欧美微醺||小酒馆中浪漫的独舞,7651604465,https://music.163.com/playlist?id=7651604465
42385236,108952364,353232,615,2017-08-25,4736,粤语 流行 怀旧 ,99,粤语女声：永远心仪,893126993,https://music.163.com/playlist?id=893126993
4821449,107879460,80695,375,2018-04-11,1676,日语 怀旧 浪漫 ,58,City pop | 脱丧俱乐部里的复古蜜色,2180830258,https://music.163.com/playlist?id=2180830258
360412,614517058,6747,29,2022-07-03,57,日语 流行 治愈 ,98,超棒的日系组合｜夜鹿 YOASOBI 真夜中,7519341475,https://music.163.com/playlist?id=7519341475
13620073,583471,344469,1213,2013-12-20,9539,轻音乐 安静 放松 ,123,［自然纪］生命之律｜大自然的语言,7005467,https://music.163.com/playlist?id=7005467
609372,107742044,2999,15,2024-01-13,20,华语 R&B/Soul 90后 ,147,陶喆+方大同：不可抵挡的R&B魅力,9142031796,https://music.163.com/playlist?id=9142031796
5398399,610336824,44367,472,2023-02-18,505,欧美 流行 散步 ,62,英文节奏控丨适合驾车时听的轻快旋律,8175961869,https://music.163.com/playlist?id=8175961869
10229781,739256,234830,1015,2014-08-18,5071,爵士 欧美 酒吧 ,42,大师们牛逼轰轰的Swing Jazz,25201357,https://music.163.com/playlist?id=25201357
655333,268698340,12943,204,2020-04-25,110,日语 流行 ,50,献给一个“你未邂逅一个女生”,4987442569,https://music.163.com/playlist?id=4987442569
1311968,536648815,19434,56,2021-08-04,560,欧美 R&B/Soul 放松 ,69,Funk舞厅 · 摇摆于复古派对,6897410885,https://music.163.com/playlist?id=6897410885
3989443,2034261933,22654,255,2022-06-17,309,华语 R&B/Soul ,79,华语R&B丨终是浪漫世界值孤獨,7491779850,https://music.163.com/playlist?id=7491779850
1789148,85351650,22390,213,2016-05-03,604,摇滚 钢琴 流行 ,85,钢琴摇滚 I 浪子赠予诗人的一纸情书,374687888,https://music.163.com/playlist?id=374687888
34593924,67853143,777603,2339,2015-06-24,7698,古风 华语 古典 ,197,【戏腔专题】伶人入画，一生天涯,83942307,https://music.163.com/playlist?id=83942307
2459354,93604915,28127,294,2016-05-08,486,器乐 另类/独立 摇滚 ,132,器乐纯音 | 独立音乐人的无言之声,377539909,https://music.163.com/playlist?id=377539909
9040517,1712259102,62692,506,2023-07-17,580,流行 伤感 夜晚 ,196,旧歌都杀回来了 旧人重逢还会远么.,8563060978,https://music.163.com/playlist?id=8563060978
21586888,74029445,430493,2044,2017-07-21,12227,轻音乐 夜晚 放松 ,163,倾听自然 · 海之遐想,819618896,https://music.163.com/playlist?id=819618896
10820164,79640896,98184,1380,2018-06-14,2190,另类/独立 摇滚 治愈 ,59,"•国人的噪声美学| 吾生梦幻间, 何事绁尘羁",2269884762,https://music.163.com/playlist?id=2269884762
878621,435792755,18896,136,2020-04-28,415,电子 轻音乐 ACG ,56,童话风电子｜异世界环游，糖果与幻想,4992498533,https://music.163.com/playlist?id=4992498533
1665452,2130687543,14357,80,2022-11-20,160,电子 欧美 ,94,【永劫无间】单排 练刀必备,7758374374,https://music.163.com/playlist?id=7758374374
876576,646230162,9036,30,2019-08-13,81,欧美 流行 电子 ,190,比伯/盆栽/断眉/萌德/喇嘛/烟鬼/酷玩,2934993622,https://music.163.com/playlist?id=2934993622
8442873,511320314,114403,205,2019-03-23,1393,摇滚 华语 流行 ,173,回春丹/草东/新裤子/犬儒/花墙/告五人,2721184237,https://music.163.com/playlist?id=2721184237
1213256,7394345,19224,168,2020-06-22,587,电子 另类/独立 孤独 ,80,Future Garage ' 孤独与守望者的悲鸣,5076804809,https://music.163.com/playlist?id=5076804809
1814441,3432498,51963,220,2020-06-20,1336,欧美 摇滚 另类/独立 ,63,东斯拉夫丨后苏联时代后朋冷潮的复古美学,5073767626,https://music.163.com/playlist?id=5073767626
6626436,4010343039,29052,65,2021-04-24,833,欧美 电子 驾车 ,171,『蹦迪 车载 抖腿』车窗摇下，声音调到最大,6727273753,https://music.163.com/playlist?id=6727273753
299485856,41751076,3365484,4997,2017-11-07,30608,粤语 怀旧 华语 ,115,经典老歌，久听不厌,988690134,https://music.163.com/playlist?id=988690134
236282,374024623,2691,10,2021-07-11,163,摇滚 孤独 电子 ,248,氛围后摇 | 被孤立的鲸 偶遇坠入海底的星,6852909267,https://music.163.com/playlist?id=6852909267
301533,374024623,2936,13,2021-06-14,287,摇滚 后摇 孤独 ,195,新式后摇 | 致敬旅行者号 最孤独的星际行者,6806734716,https://music.163.com/playlist?id=6806734716
2009890,499915181,24481,83,2018-03-14,1171,日语 民谣 世界音乐 ,115,琉球暖风伴清酒，日本岛呗艺术家大赏,2140965208,https://music.163.com/playlist?id=2140965208
2397742,111089166,33139,125,2020-05-21,739,日语 怀旧 经典 ,39,怀旧金曲丨那些原唱是日语的经典老歌,5028497628,https://music.163.com/playlist?id=5028497628
5116447,2129546,212142,929,2013-11-22,3216,民谣 欧美 小语种 ,45,心驰神往，欧洲中古风格民谣,6185746,https://music.163.com/playlist?id=6185746
1796343,31867249,25303,231,2015-02-20,649,欧美 民谣 另类/独立 ,20,当春风吹进民谣里【欧美篇】,53558869,https://music.163.com/playlist?id=53558869
1096843,35631431,28444,83,2021-01-26,731,日语 流行 经典 ,130,东瀛 1980s 都市流行时光机丨City Pop,5483718802,https://music.163.com/playlist?id=5483718802
1621992,481336063,25210,284,2019-09-01,1292,孤独 后摇 夜晚 ,90,人声后摇 | 灵魂与鼓点的碰撞,2966432846,https://music.163.com/playlist?id=2966432846
4556085,541205766,70809,293,2023-04-06,1001,欧美 R&B/Soul 说唱 ,186,「BTC4」这tm的才叫音乐｜时间减速带 ,8282413383,https://music.163.com/playlist?id=8282413383
4120304,350556138,51662,160,2017-09-03,1051,摇滚 蓝调 爵士 ,100,一百位爵士吉他大师•爵士乐全风格收录,905194035,https://music.163.com/playlist?id=905194035
5490336,1650191296,28457,129,2021-03-12,1459,华语 流行 浪漫 ,88,小众系｜宝岛台湾的温柔海风,6655442283,https://music.163.com/playlist?id=6655442283
4554248,46665989,55640,249,2018-06-23,1926,爵士 放松 欧美 ,71,「Smooth Jazz」柔顺爵士，都市悠闲,2283573424,https://music.163.com/playlist?id=2283573424
2795653,341030416,24634,116,2019-08-30,600,欧美 英伦 另类/独立 ,119,『英伦女声』遗世而独立的不列颠玫瑰,2962407224,https://music.163.com/playlist?id=2962407224
2109724,418592306,34478,147,2019-09-08,372,轻音乐 浪漫 经典 ,196,国人浪漫主义 | 和風爱凄雅，国乐纵逍遥,2975237579,https://music.163.com/playlist?id=2975237579
9004622,3011615,232399,1194,2013-10-01,3014,小语种 清新 浪漫 ,30,全球最动听的法语歌,4241903,https://music.163.com/playlist?id=4241903
4082567,66406603,61425,510,2015-04-30,984,民谣 欧美 吉他 ,33,给我一把弹不累的吉他,69571731,https://music.163.com/playlist?id=69571731
4123065,111089166,73675,148,2020-05-21,1221,日语 怀旧 浪漫 ,110,City Pop丨霓虹之都的浪漫旋律❤,5028486868,https://music.163.com/playlist?id=5028486868
9669785,113164676,144477,527,2017-12-27,2510,欧美 流行 钢琴 ,303,钢琴前奏｜清新静谧的舒适体验,2031723550,https://music.163.com/playlist?id=2031723550
554520,3432498,8009,88,2017-06-10,365,韩语 摇滚 另类/独立 ,156,不期而遇丨indie音乐场景·「韩国乐队」,757295465,https://music.163.com/playlist?id=757295465
4128087,83659385,84605,802,2017-08-08,1199,轻音乐 民族 ACG ,159,『异域幻想』妖精乡 · 骑士的放浪冒险谭,872527977,https://music.163.com/playlist?id=872527977
470465,111089166,6155,50,2020-06-09,358,轻音乐 夜晚 孤独 ,61,致郁纯音丨那些用符号编织的梦境,5056460435,https://music.163.com/playlist?id=5056460435
14298423,60689372,400514,2256,2017-11-13,5974,轻音乐 安静 流行 ,38,「星轨旋律」揽下整个星空的纯音乐,995552555,https://music.163.com/playlist?id=995552555
151064880,39468344,2469178,6417,2015-05-22,25770,欧美 流行 榜单 ,111,评论过万的英文歌与潜力股,75182300,https://music.163.com/playlist?id=75182300
16606336,31199688,316672,1304,2015-12-03,3908,欧美 电子 另类/独立 ,19,【毒】开口沉醉，迷失于这女声,134606748,https://music.163.com/playlist?id=134606748
2710296,85351650,42146,318,2016-03-02,950,乡村 欧美 ,90,蓝草选集 I 触碰三月暖阳，哼唱轻快小调,310372396,https://music.163.com/playlist?id=310372396
11505825,5793019,333228,1589,2015-02-10,6403,爵士 拉丁 放松 ,25,「论如何优雅地扭动身体」,51425247,https://music.163.com/playlist?id=51425247
1414334,389336627,9174,21,2020-07-13,292,华语 影视原声 古风 ,80,侠客行│江湖风起云涌，仗剑策马扬鞭,5117602648,https://music.163.com/playlist?id=5117602648
1127133,286427520,33609,237,2019-02-17,879,古典 学习 经典 ,197,古典音乐是如何命名编排的？,2671752276,https://music.163.com/playlist?id=2671752276
4457073,64131531,82018,555,2016-08-05,1603,日语 说唱 安静 ,61,"日系jazz hiphop,鼓点里的浪漫气息",437360812,https://music.163.com/playlist?id=437360812
6348217,327424933,87585,264,2017-06-06,874,日语 摇滚 清新 ,50,『日摇』烟火盛放的清新夏夜,753054763,https://music.163.com/playlist?id=753054763
11116989,5832286,280628,811,2016-08-30,4488,轻音乐 日语 器乐 ,81,和风｜物哀，如得其情，则哀矜而勿喜,454371535,https://music.163.com/playlist?id=454371535
4413870,322035816,111927,372,2016-11-19,1991,器乐 轻音乐 古典 ,62,弦声摇曳&魅影婆娑——悲泣的提琴之魂,514033019,https://music.163.com/playlist?id=514033019
18513774,248426205,284085,1533,2018-07-25,3530,华语 民谣 古风 ,112,国风民谣 |满堂花醉三千客，一剑霜寒十四州,2331136477,https://music.163.com/playlist?id=2331136477
30213006,248755337,699144,2566,2018-01-03,6071,华语 古风 学习 ,192,『曲作精选』细数古风圈原创作曲人❶,2041615881,https://music.163.com/playlist?id=2041615881
33293234,97412802,542650,4563,2017-03-29,17642,欧美 放松 快乐 ,63,不得了！这些英文歌的热评信息量好大……,645384312,https://music.163.com/playlist?id=645384312
5705277,341030416,32778,266,2021-03-18,2782,欧美 摇滚 快乐 ,118,可爱摇滚｜一剂抵挡春困的上好良药,6666112560,https://music.163.com/playlist?id=6666112560
5987776,9366336,96382,790,2015-10-02,1535,影视原声 欧美 经典 ,54,音乐不眠！那些音乐题材的电影,112143747,https://music.163.com/playlist?id=112143747
564327,122356259,9031,90,2018-09-16,420,欧美 摇滚 蓝调 ,42,复古派对|一起跳欢乐的舞蹈吗,2423552205,https://music.163.com/playlist?id=2423552205
5821130,103672794,113474,549,2016-06-22,2213,浪漫 舞曲 轻音乐 ,32,【摇曳着的优雅与浪漫】三步华尔兹,406761044,https://music.163.com/playlist?id=406761044
15079022,5832286,401763,1133,2016-03-15,6592,古典 放松 器乐 ,41,古典｜从巴洛克到浪漫的你，温柔绵长。,317803115,https://music.163.com/playlist?id=317803115
3134383,83659385,70393,673,2018-06-02,1273,轻音乐 爵士 ACG ,94,夜雀酒吧｜爵士与幻想乡少女的酒宴,2252139184,https://music.163.com/playlist?id=2252139184
6893643,2445590,118694,673,2016-09-10,2035,钢琴 影视原声 ,49,电影中的钢琴曲｜最会讲故事¹,461600464,https://music.163.com/playlist?id=461600464
9949056,720841,120252,1070,2016-06-21,3017,电子 清新 放松 ,46,电音//有点撩骚的萨克斯,405849034,https://music.163.com/playlist?id=405849034
4324878,1653985242,73741,319,2019-08-10,700,日语 治愈 ,47,日系治愈：无法抗拒的温柔男声,2928393485,https://music.163.com/playlist?id=2928393485
30009560,44530116,500948,2575,2018-01-27,14904,轻音乐 放松 安静 ,104,助眠辑 | 自然音，伴灵动乐符萦绕耳畔,2075587022,https://music.163.com/playlist?id=2075587022
1492603,418592306,20810,52,2018-09-06,515,欧美 影视原声 钢琴 ,32,电影中的钢琴曲丨恋语哼唱，佳片有约,2407040250,https://music.163.com/playlist?id=2407040250
10642022,44293336,135606,819,2015-01-24,1893,运动 兴奋 电子 ,44,超带感骑行音乐无限循环公路党狂飙,48293091,https://music.163.com/playlist?id=48293091
8100079,1323364095,113000,1456,2019-03-14,1255,欧美 学习 流行 ,279,『学霸模式』让音乐来陪伴一天的学习,2708862630,https://music.163.com/playlist?id=2708862630
4035595,416512878,58872,434,2017-03-29,797,古典 钢琴 器乐 ,73,乐器之王——钢琴 | 从古至今的指尖魅力,644943140,https://music.163.com/playlist?id=644943140
29311374,85351650,739875,4131,2016-03-12,13070,电子 古风 民族 ,538,电子·中国风 I 感受角徵宫商的荡气回肠,316223640,https://music.163.com/playlist?id=316223640
4297147,45441555,151627,884,2017-04-07,1535,日语 电子 ACG ,108,水果味汽水｜清甜软萌音捕获你的心,689121986,https://music.163.com/playlist?id=689121986
2808665,306851500,35334,199,2020-03-02,829,经典 欧美 怀旧 ,44,诗人篇 | 那些藏在音乐里的文学宝藏,4893733399,https://music.163.com/playlist?id=4893733399
14360597,128196405,275861,854,2017-12-01,4858,欧美 民谣 治愈 ,36,北欧民谣 | 赐你一剂澄净安逸的心灵圣药,1997189512,https://music.163.com/playlist?id=1997189512
9888444,1650191296,70890,244,2019-09-26,1412,华语 古风 流行 ,136,国风新潮大赏 | 歌声岂合世间闻,3001035934,https://music.163.com/playlist?id=3001035934
2401664,374024623,27024,102,2020-10-04,605,轻音乐 钢琴 New Age ,235,钢琴独奏 | 当世界喧嚣时 宇宙依然宁静,5273305040,https://music.163.com/playlist?id=5273305040
8628285,1650191296,77694,343,2019-08-14,1868,欧美 R&B/Soul 夜晚 ,299,倾吐隐秘情绪｜百位R&B歌手精选,2936255937,https://music.163.com/playlist?id=2936255937
11159688,7394345,189758,840,2016-06-29,3497,电子 夜晚 孤独 ,87,空灵纯音 ' 孤独症患者的绮丽梦境,411796573,https://music.163.com/playlist?id=411796573
1723339,111089166,18620,145,2020-05-20,598,ACG 轻音乐 伤感 ,177,物哀纯音丨花开于彼岸 魂落于忘川,5026417815,https://music.163.com/playlist?id=5026417815
18365824,739256,306934,1068,2014-04-06,5372,电子 欧美 酒吧 ,298,世界顶级沙发酒吧音乐。,11067348,https://music.163.com/playlist?id=11067348
3954184,93937325,37534,327,2015-11-27,1041,安静 轻音乐 器乐 ,34,纯音 | 静淌时隙悄然掠过 | 助眠,132259437,https://music.163.com/playlist?id=132259437
2360486,45441555,83905,817,2016-09-27,1088,日语 治愈 ACG ,398,软萌合唱｜让可愛治愈这个世界,473445872,https://music.163.com/playlist?id=473445872
5508041,83659385,160510,1111,2017-09-10,2615,轻音乐 钢琴 ACG ,245,東方钢琴祭：幻梦终醒 本无不散之宴,913908853,https://music.163.com/playlist?id=913908853
29105536,64004173,835330,3954,2015-08-01,6865,日语 ACG 翻唱 ,89,日本人气唱见，每人一首良曲,94284266,https://music.163.com/playlist?id=94284266
4632865,46665989,72207,280,2015-10-07,2270,爵士 放松 欧美 ,51,「Cool Jazz」冷爵士让你全身心放松,113780871,https://music.163.com/playlist?id=113780871
18368584,12383468,341137,2385,2015-06-04,6925,古典 轻音乐 治愈 ,37,【古典音乐】治疗焦虑症的良药,78674080,https://music.163.com/playlist?id=78674080
24425912,74029445,616787,2040,2017-07-11,12120,日语 民谣 夜晚 ,72,「日语民谣」月色中的浅吟低唱,806728741,https://music.163.com/playlist?id=806728741
12065735,302227129,138642,434,2017-11-15,2333,民谣 欧美 怀旧 ,99,欧美民谣 I 往昔璀璨如钻 却又锈迹斑斑,997386069,https://music.163.com/playlist?id=997386069
5717124,75179909,142533,1766,2016-05-28,4508,后摇 孤独 器乐 ,300,300支后摇乐队，300种感性共鸣,390783436,https://music.163.com/playlist?id=390783436
31683712,286427520,525324,1669,2018-01-20,15827,古典 下午茶 学习 ,124,古典清香 I 我的茶馆里住着巴赫与肖邦,2065854146,https://music.163.com/playlist?id=2065854146
9406081,122356259,191068,1137,2018-03-03,4225,欧美 酒吧 爵士 ,39,黑胶酒馆|耳畔的浪漫眼中的你,2125737991,https://music.163.com/playlist?id=2125737991
26608472,2928531,588948,1774,2015-01-30,11603,爵士 欧美 酒吧 ,30,小酒馆的微醺需要腔调和情怀,49242031,https://music.163.com/playlist?id=49242031
22314180,129377889,483399,1348,2018-02-05,4916,日语 ACG 治愈 ,123,日系温柔女声| 沐浴在歌声中的暖阳下,2088799380,https://music.163.com/playlist?id=2088799380
52202800,108952364,488590,1023,2018-07-12,5088,华语 流行 民谣 ,99,100首华语民谣，因为懂得才有共鸣,2312165875,https://music.163.com/playlist?id=2312165875
71297,312585551,240,评论,2024-10-06,0,华语 流行 90后 ,183,华语90后经典老歌 | 如昨夜的酒醉前尘的梦,12693537786,https://music.163.com/playlist?id=12693537786
24068,312585551,114,评论,2024-10-08,1,电子 驾车 酒吧 ,105,蹦迪热歌DJ默涵版，劲爆旋律嗨爆全场,12699782127,https://music.163.com/playlist?id=12699782127
889,647695007,9,评论,2024-10-07,0,欧美 流行 下午茶 ,168,「欧美•女声」开口惊艳，入耳沦陷,12699361585,https://music.163.com/playlist?id=12699361585
71999,312585551,268,评论,2024-10-06,0,华语 流行 90后 ,121,「怀旧篇」难以忘记九十年代的味道,12694038404,https://music.163.com/playlist?id=12694038404
2665,3327595269,20,评论,2024-10-10,1,流行 华语 浪漫 ,33,现代情话｜在时光里与浪漫偶遇,12706929392,https://music.163.com/playlist?id=12706929392
184021,107742044,854,评论,2024-07-08,5,华语 翻唱 综艺 ,104,华语顶级live：教科书级别的翻唱,12278858227,https://music.163.com/playlist?id=12278858227
12262,352480133,194,评论,2024-10-02,0,日语 ACG 影视原声 ,76,2024年10月新番/秋季动漫歌曲/更新（十月）,12671725663,https://music.163.com/playlist?id=12671725663
6836395,1882533427,181434,737,2019-06-15,1474,欧美 日语 下午茶 ,265,适合摸鱼画画时听的歌～「日系+欧美」,2844831550,https://music.163.com/playlist?id=2844831550
74502,312585551,252,评论,2024-10-06,0,华语 流行 90后 ,132,华语 | 一人一首成名曲90后难以忘记的时代,12693021709,https://music.163.com/playlist?id=12693021709
782752,5088441805,5742,249,2024-05-18,38,流行 伤感 网络歌曲 ,97,大大怪将军 小小怪真的很想你,10067552910,https://music.163.com/playlist?id=10067552910
7928,7872690377,42,评论,2024-09-09,6,华语 R&B/Soul ,58,合伙人热荐 | 日落的寓意是未完待续,12577693902,https://music.163.com/playlist?id=12577693902
138489,249628889,893,3,2024-03-03,14,华语 流行 R&B/Soul ,72,柔情R&B：沉醉微醺韵律撩拨心弦,9377284526,https://music.163.com/playlist?id=9377284526
36169,1289346856,447,2,2024-09-21,9,欧美 治愈 放松 ,65,『心向原野』人生不是轨道，而是一片原野。,12630574415,https://music.163.com/playlist?id=12630574415
779065,107742044,2545,10,2024-04-09,12,华语 流行 综艺 ,112,神仙舞台名场面！天赐的声音live,9734585629,https://music.163.com/playlist?id=9734585629
75434,312585551,262,评论,2024-10-07,1,华语 流行 80后 ,203,8090后经典老歌300首｜纪念青春岁月,12694396533,https://music.163.com/playlist?id=12694396533
38075,1289346856,470,3,2024-09-24,9,欧美 治愈 放松 ,44,『置身旷野』寂静 幽美 于绿色山谷之间,12642163214,https://music.163.com/playlist?id=12642163214
157901,1661470704,2006,19,2024-11-08,18,影视原声 欧美 英伦 ,40,动画《英雄联盟：双城之战2》第二季/原声带,12834843673,https://music.163.com/playlist?id=12834843673
994340,342371680,9266,37,2023-11-06,104,轻音乐 治愈 安静 ,100,寂静鸣远：治愈纯音 抚慰心绪 净化心灵,8846341333,https://music.163.com/playlist?id=8846341333
50789,312585551,286,1,2024-10-03,2,电子 驾车 性感 ,105,车载旋律dj 抖腿族`节奏控福利,12676872661,https://music.163.com/playlist?id=12676872661
25064,312585551,156,评论,2024-10-02,0,电子 驾车 游戏 ,105,听车载口水旋律嗨曲， 做品质女人,12675689001,https://music.163.com/playlist?id=12675689001
156679,107742044,660,3,2024-09-02,1,华语 流行 综艺 ,119,周深 毛不易 单依纯 张碧晨 郁可唯 任素汐,12548260208,https://music.163.com/playlist?id=12548260208
23128,312585551,138,评论,2024-10-03,0,电子 驾车 性感 ,105,中毒性旋律！心率超速の节奏渲染,12679171717,https://music.163.com/playlist?id=12679171717
1466470,556046321,4682,8,2024-09-06,22,华语 经典 怀旧 ,219,90后回忆杀！这200首老歌每一首都戳中泪点,12564922080,https://music.163.com/playlist?id=12564922080
112554,350048481,510,1,2024-09-08,2,华语 流行 兴奋 ,69,"DJ「车载劲爆,兜风专用,顶 级夜场嗨曲]",12573303801,https://music.163.com/playlist?id=12573303801
653816,107742044,1722,12,2024-07-05,10,华语 流行 综艺 ,87,天赐的声音：开嗓直击心灵！！！,12268029094,https://music.163.com/playlist?id=12268029094
2837,5088441805,19,评论,2024-08-30,0,欧美 流行 榜单 ,132,节奏控·欧美流行｜洗脑神曲 红心安利,12539740529,https://music.163.com/playlist?id=12539740529
229700,342371680,3378,15,2024-02-11,37,欧美 流行 治愈 ,91,寂静鸣远：绿野 清风 平静 惬意 自由,9288016663,https://music.163.com/playlist?id=9288016663
645017,107742044,3138,18,2024-02-22,18,华语 流行 综艺 ,132,单依纯 张碧晨 周深 徐佳莹,9332993088,https://music.163.com/playlist?id=9332993088
44749,468356020,120,1,2024-10-28,0,欧美 流行 快乐 ,48,美式随性｜惬意Chill节奏 感受自由与风,12786600704,https://music.163.com/playlist?id=12786600704
772479,556046321,2215,3,2024-09-08,11,华语 经典 怀旧 ,189,爷青回！90后回忆杀 那些年MP3里的神曲,12573817765,https://music.163.com/playlist?id=12573817765
689264,107742044,2123,18,2024-07-10,7,华语 流行 综艺 ,56,天赐的声音第五季最值得听的TOP30,12291302678,https://music.163.com/playlist?id=12291302678
275023,107742044,927,2,2024-09-15,4,华语 流行 综艺 ,91,神仙嗓音：单依纯 周深 张碧晨 杨宗纬,12601076950,https://music.163.com/playlist?id=12601076950
537888,445189786,2998,121,2024-05-03,32,流行 伤感 网络歌曲 ,113,情绪可以控制但是眼泪不会说谎.,9981784231,https://music.163.com/playlist?id=9981784231
356162,578637984,1476,17,2020-10-08,15,韩语 治愈 放松 ,135,韩语流行｜浪漫放松 治愈歌单,5279262221,https://music.163.com/playlist?id=5279262221
1067567,342371680,5292,33,2024-03-05,66,华语 流行 R&B/Soul ,208,华语R&B：百听不厌的华语节奏布鲁斯,9381079097,https://music.163.com/playlist?id=9381079097
202547,107742044,732,1,2024-09-22,1,华语 流行 感动 ,93,超绝神仙嗓：单依纯 周深 张碧晨 杨宗纬,12633659256,https://music.163.com/playlist?id=12633659256
23879,312585551,158,评论,2024-09-28,1,电子 驾车 性感 ,105,车载旋律DJ | 在心里 从此永远有个你,12656202735,https://music.163.com/playlist?id=12656202735
3283,107742044,28,评论,2024-09-30,1,华语 流行 综艺 ,52,音综live：《我们的歌》+《天赐的声音》,12662119318,https://music.163.com/playlist?id=12662119318
26198,312585551,168,评论,2024-10-02,2,电子 驾车 运动 ,105,拒绝焦虑！从听PHONK燃曲开始,12674358786,https://music.163.com/playlist?id=12674358786
13392,2112321790,74,1,2024-10-08,0,华语 驾车 快乐 ,50,劲爆流行DJ丨热门车载音乐 中文咚鼓,12700406174,https://music.163.com/playlist?id=12700406174
396692,346769611,2722,7,2024-06-26,18,华语 流行 R&B/Soul ,108,华语R&B | 节奏布鲁斯的漫步轻佻,12227034364,https://music.163.com/playlist?id=12227034364
2695,7872690377,30,4,2024-10-31,2,日语 ,50,合伙人爱听 | 唤起幸福回忆的日语歌,12796129713,https://music.163.com/playlist?id=12796129713
11599,7872690377,106,8,2024-10-31,3,另类/独立 朋克 爵士 ,51,合伙人优选 | 另类独立的迷幻音乐空间,12797079298,https://music.163.com/playlist?id=12797079298
379754,3235497794,1449,15,2024-08-08,6,华语 流行 综艺 ,70,「天赐的声音」最值得听的60首live ,12423512206,https://music.163.com/playlist?id=12423512206
2640,2118682115,5,评论,2024-09-28,0,华语 治愈 放松 ,43,盛夏光年丨像风一样自由 奔赴属于我的远方,12657163779,https://music.163.com/playlist?id=12657163779
342071,107742044,1125,3,2024-07-15,5,华语 流行 综艺 ,65,天赐的声音|音综封神舞台live,12313270614,https://music.163.com/playlist?id=12313270614
626474,107742044,2576,19,2024-07-22,12,华语 流行 综艺 ,113,音综神级live：一开嗓直击心灵！,12339396405,https://music.163.com/playlist?id=12339396405
526985,107742044,2909,12,2024-02-01,16,华语 翻唱 综艺 ,118,神级翻唱live：享受天花板级别的嗓音,9238869483,https://music.163.com/playlist?id=9238869483
1649,8376551360,19,评论,2024-10-07,0,欧美 R&B/Soul 流行 ,84,少女向R&B｜快乐鼓点 带点可愛甜蜜的味道！,12699379009,https://music.163.com/playlist?id=12699379009
165209,342371680,3129,11,2024-06-22,32,电子 安静 孤独 ,76,梦核美学：渗透灵魂的量子冥想感知乐,12210493597,https://music.163.com/playlist?id=12210493597
3740,468356020,17,评论,2024-10-10,0,韩语 流行 兴奋 ,73,Kpop律动女王｜酷girl已就位实力圈粉,12712936743,https://music.163.com/playlist?id=12712936743
762874,2009876969,7500,34,2024-03-31,68,R&B/Soul 放松 ,138,如果你听R&B那你一定也会懂我,9607361661,https://music.163.com/playlist?id=9607361661
4874,342371680,17,评论,2024-11-08,0,流行 网络歌曲 翻唱 ,61,『慢摇DJ』初听不懂曲中意 再听已是DJ人,12836302944,https://music.163.com/playlist?id=12836302944
14698,107742044,221,评论,2024-10-02,0,华语 流行 综艺 ,44,天赐的声音：神仙打架的顶级live,12674370601,https://music.163.com/playlist?id=12674370601
35581,107742044,106,评论,2024-09-15,0,华语 流行 综艺 ,50,天赐的声音第五季：金曲舞台全收录,12601081781,https://music.163.com/playlist?id=12601081781
685447,107742044,2996,28,2024-08-31,14,华语 综艺 驾车 ,110,天赐的声音live：历届金曲精选集！,12539210503,https://music.163.com/playlist?id=12539210503
22745,2103895753,4,评论,2024-10-22,1,华语 流行 兴奋 ,147,带上耳机 | 静享美好时光 Axiklar,12757043476,https://music.163.com/playlist?id=12757043476
172816,107742044,517,1,2024-09-15,2,华语 流行 综艺 ,87,天赐的声音：单依纯 汪苏泷 张碧晨 杨宗纬,12601032488,https://music.163.com/playlist?id=12601032488
2611,8376551360,25,评论,2024-11-04,0,欧美 流行 快乐 ,96,多巴胺小调｜自由且充满阳光的氛围感,12819319941,https://music.163.com/playlist?id=12819319941
10897,79318044,44,1,2024-10-24,0,电子 驾车 欧美 ,54,多巴胺音浪丨丢掉你的烦恼,12768769645,https://music.163.com/playlist?id=12768769645
24001,312585551,152,评论,2024-10-17,0,电子 流行 00后 ,105,节奏感太强了，放车里嘎嘎上头,12738956146,https://music.163.com/playlist?id=12738956146
462179,289695170,6575,28,2024-06-19,215,华语 ,98,汪苏泷「十万伏特」2024巡演歌单,12200756252,https://music.163.com/playlist?id=12200756252
645,468356020,4,评论,2024-11-12,0,韩语 流行 兴奋 ,97,Kpop高燃活力｜祛班味快乐神曲 动感满分,12850194165,https://music.163.com/playlist?id=12850194165
1922,647695007,6,评论,2024-10-08,0,华语 流行 榜单 ,98,「深情•华语」把温柔留给值得的人,12704232618,https://music.163.com/playlist?id=12704232618
163760,107742044,690,评论,2024-09-18,1,华语 流行 感动 ,124,单依纯周深张碧晨陈楚生薛之谦汪苏泷,12615758496,https://music.163.com/playlist?id=12615758496
157754,3327856502,1058,6,2024-09-06,7,流行 欧美 运动 ,57,骑行不枯燥，听欧美热曲追风自在,12561967367,https://music.163.com/playlist?id=12561967367
4803,312585551,24,评论,2024-09-25,0,欧美 电子 流行 ,198,爆毒Phonk幻动律摆 旷彩霓電,12647554021,https://music.163.com/playlist?id=12647554021
25429,342371680,142,评论,2024-09-01,2,华语 R&B/Soul 流行 ,74,华语R&B｜当代R&B 浪漫生活的调味剂,12548419675,https://music.163.com/playlist?id=12548419675
955973,342371680,11870,31,2024-04-12,150,欧美 R&B/Soul 放松 ,183,100%松弛度/灵魂乐R&B 慵懒 迷幻氛围,9772379403,https://music.163.com/playlist?id=9772379403
2039,468356020,18,评论,2024-10-03,1,欧美 R&B/Soul 治愈 ,121,漫游R&B｜慵懒情调的浪漫呢喃气息,12677658153,https://music.163.com/playlist?id=12677658153
1208,9202665268,19,2,2024-11-10,2,流行 日语 治愈 ,62,日系治愈：无法抗拒的温柔可爱女声,12842672057,https://music.163.com/playlist?id=12842672057
528137,350496135,3702,24,2023-03-24,31,轻音乐 流行 夜晚 ,146,治愈系 | 愿每天的坏心情都能在睡前清零,8254202923,https://music.163.com/playlist?id=8254202923
2035147,629268620,18711,198,2024-04-19,139,欧美 电子 驾车 ,145,运动【硬曲】【战歌起】自律时代,9844238233,https://music.163.com/playlist?id=9844238233
2325,1520836115,24,评论,2024-09-27,1,华语 R&B/Soul 浪漫 ,63,开车兜风播放的R&B｜开车像约会一样浪漫,12652461415,https://music.163.com/playlist?id=12652461415
3123,1378494832,30,评论,2024-09-27,0,放松 安静 治愈 ,136,治愈放松减压｜会幸福的再等等,12651323142,https://music.163.com/playlist?id=12651323142
83536,1674475978,595,1,2024-07-21,4,思念 治愈 ,53,多情最是春庭雪，我心匪石不可转,12336667078,https://music.163.com/playlist?id=12336667078
59294,422767,350,3,2024-09-19,4,欧美 说唱 兴奋 ,109,YE · 侃爷巡回试听 重温精彩,12617736454,https://music.163.com/playlist?id=12617736454
116808640,7017009,2637141,7124,2014-08-30,38003,轻音乐 学习 治愈 ,44,那些你熟悉却又不知道名字的轻音乐,26467411,https://music.163.com/playlist?id=26467411
71608,1721527,1921,39,2024-06-23,15,日语 孤独 摇滚 ,42,[GBC/MyGO!!!!!/结束乐队]一次性溜个爽系列,12218945872,https://music.163.com/playlist?id=12218945872
